"store_name","address","address2","city","state","zip5","county","store_type","incentive_program","grantee_name","Source","Location"
"Store Name","Address","Address 2","City","State","Zip","County","Store Type","Incentive Program","Grantee Name","Point Source","Selected Location"
"THE GOOD LIFE GROCERY","1524 20th St","","San Francisco","CA","94107","SAN FRANCISCO","Grocery Store","","","USDA","San Francisco (City, 2020)"
"TL Kitchen","177 Eddy St","","San Francisco","CA","94102","SAN FRANCISCO","Restaurant Meals Program","","","USDA","San Francisco (City, 2020)"
"Taisan Huakee Restaurant","4737 Geary Blvd","","San Francisco","CA","94118","SAN FRANCISCO","Restaurant Meals Program","","","USDA","San Francisco (City, 2020)"
"Target 3264","233 Winston Dr","","San Francisco","CA","94132","SAN FRANCISCO","Super Store","","","USDA","San Francisco (City, 2020)"
"Target Store 2768","2675 Geary Blvd","","San Francisco","CA","94118","SAN FRANCISCO","Super Store","","","USDA","San Francisco (City, 2020)"
"Target Store T-2766","789 Mission St","","San Francisco","CA","94103","SAN FRANCISCO","Super Store","","","USDA","San Francisco (City, 2020)"
"Teranga","101 Hyde St","","San Francisco","CA","94102","SAN FRANCISCO","Restaurant Meals Program","","","USDA","San Francisco (City, 2020)"
"The Nature Stop","1336 Grant Ave","","San Francisco","CA","94133","SAN FRANCISCO","Grocery Store","","","USDA","San Francisco (City, 2020)"
"The Soup","2315 Irving St","","San Francisco","CA","94122","SAN FRANCISCO","Restaurant Meals Program","","","USDA","San Francisco (City, 2020)"
"The Supremo Pizza","87 6th St","","San Francisco","CA","94103","SAN FRANCISCO","Restaurant Meals Program","","","USDA","San Francisco (City, 2020)"
"Tiffanys Cafe","3801 3rd St","Ste 535","San Francisco","CA","94124","SAN FRANCISCO","Restaurant Meals Program","","","USDA","San Francisco (City, 2020)"
"Tip Top Market","90 Turk St","","San Francisco","CA","94102","SAN FRANCISCO","Grocery Store","","","USDA","San Francisco (City, 2020)"
"Trader Joe's 100","3 Masonic Ave","","San Francisco","CA","94118","SAN FRANCISCO","Supermarket","","","USDA","San Francisco (City, 2020)"
"Trader Joe's 19","401 Bay St","","San Francisco","CA","94133","SAN FRANCISCO","Supermarket","","","USDA","San Francisco (City, 2020)"
"Trader Joe's 200","1095 Hyde St","","San Francisco","CA","94109","SAN FRANCISCO","Supermarket","","","USDA","San Francisco (City, 2020)"
"Trader Joe's 225","10 4th St","","San Francisco","CA","94103","SAN FRANCISCO","Supermarket","","","USDA","San Francisco (City, 2020)"
"Trader Joe's 226","555 Fulton St","Ste C","San Francisco","CA","94102","SAN FRANCISCO","Supermarket","","","USDA","San Francisco (City, 2020)"
"Trader Joe's 236","265 Winston Dr","","San Francisco","CA","94132","SAN FRANCISCO","Supermarket","","","USDA","San Francisco (City, 2020)"
"Trader Joe's 78","555 9th St","","San Francisco","CA","94103","SAN FRANCISCO","Supermarket","","","USDA","San Francisco (City, 2020)"
"Unimart","1201 Howard St","","San Francisco","CA","94103","SAN FRANCISCO","Grocery Store","","","USDA","San Francisco (City, 2020)"
"Valencia Whole Foods","999 Valencia St","","San Francisco","CA","94110","SAN FRANCISCO","Grocery Store","","","USDA","San Francisco (City, 2020)"
"Wendy And Moon Grocery","1321A Powell St","","San Francisco","CA","94133","SAN FRANCISCO","Grocery Store","","","USDA","San Francisco (City, 2020)"
"Whole Foods Market 10044","1765 California St","","San Francisco","CA","94109","SAN FRANCISCO","Super Store","","","USDA","San Francisco (City, 2020)"
"Whole Foods Market 10151","399 4th St","","San Francisco","CA","94107","SAN FRANCISCO","Super Store","","","USDA","San Francisco (City, 2020)"
"Whole Foods Market 10238","450 Rhode Island St","","San Francisco","CA","94107","SAN FRANCISCO","Super Store","","","USDA","San Francisco (City, 2020)"
"Whole Foods Market 10362","690 Stanyan St","","San Francisco","CA","94117","SAN FRANCISCO","Super Store","","","USDA","San Francisco (City, 2020)"
"Whole Foods Market 10379","3950 24th St","","San Francisco","CA","94114","SAN FRANCISCO","Super Store","","","USDA","San Francisco (City, 2020)"
"Whole Foods Market 10396","2001 Market St","","San Francisco","CA","94114","SAN FRANCISCO","Super Store","","","USDA","San Francisco (City, 2020)"
"Whole Foods Market 10432","1150 Ocean Ave","","San Francisco","CA","94112","SAN FRANCISCO","Super Store","","","USDA","San Francisco (City, 2020)"
"Whole Foods Market 10717","3251 20th Ave","","San Francisco","CA","94132","SAN FRANCISCO","Super Store","","","USDA","San Francisco (City, 2020)"
"Wing Stop #2143","1507 Sloat Blvd","","San Francisco","CA","94132","SAN FRANCISCO","Restaurant Meals Program","","","USDA","San Francisco (City, 2020)"
"Woodlands Market SF","318 Main St","Ste 101","San Francisco","CA","94105","SAN FRANCISCO","Supermarket","","","USDA","San Francisco (City, 2020)"
"Woori Food Market 0","1528 Fillmore St","","San Francisco","CA","94115","SAN FRANCISCO","Supermarket","","","USDA","San Francisco (City, 2020)"
"Xing Wang Market","724 Broadway","","San Francisco","CA","94133","SAN FRANCISCO","Grocery Store","","","USDA","San Francisco (City, 2020)"
"Xing Ye Trading Inc","1262 Stockton St","","San Francisco","CA","94133","SAN FRANCISCO","Grocery Store","","","USDA","San Francisco (City, 2020)"
"YING HUI CHINESE RESTAURANT","5125 Mission St","","San Francisco","CA","94112","SAN FRANCISCO","Restaurant Meals Program","","","USDA","San Francisco (City, 2020)"
"Yibo Chen","1415 Stockton St","","San Francisco","CA","94133","SAN FRANCISCO","Grocery Store","","","USDA","San Francisco (City, 2020)"
"Yummy Pizza SF","709 Ofarrell St","","San Francisco","CA","94109","SAN FRANCISCO","Restaurant Meals Program","","","USDA","San Francisco (City, 2020)"
"Z SOUL CAFE","295 Eddy St","","San Francisco","CA","94102","SAN FRANCISCO","Restaurant Meals Program","","","USDA","San Francisco (City, 2020)"
"McDonald's #3171","609 Market St","","San Francisco","CA","94105","SAN FRANCISCO","Restaurant Meals Program","","","USDA","San Francisco (City, 2020)"
"McDonald's 3228","2805 Mission St","","San Francisco","CA","94110","SAN FRANCISCO","Restaurant Meals Program","","","USDA","San Francisco (City, 2020)"
"McDonald's 7413","345 Bay Shore Blvd","","San Francisco","CA","94124","SAN FRANCISCO","Restaurant Meals Program","","","USDA","San Francisco (City, 2020)"
"Mei's Groceries","1037 Stockton St","","San Francisco","CA","94108","SAN FRANCISCO","Grocery Store","","","USDA","San Francisco (City, 2020)"
"Mi Ranchito Produce","2169 Mission St","","San Francisco","CA","94110","SAN FRANCISCO","Grocery Store","","","USDA","San Francisco (City, 2020)"
"Mi Rancho Supermarket 1","5900 3rd St","C-2001","San Francisco","CA","94124","SAN FRANCISCO","Supermarket","","","USDA","San Francisco (City, 2020)"
"Mi Tierra Adelitas","2023 Mission St","","San Francisco","CA","94110","SAN FRANCISCO","Grocery Store","","","USDA","San Francisco (City, 2020)"
"Milan Pizza","606 Geary St","","San Francisco","CA","94102","SAN FRANCISCO","Restaurant Meals Program","","","USDA","San Francisco (City, 2020)"
"Miss Q's Convenience Llc","838 Washington St","","San Francisco","CA","94108","SAN FRANCISCO","Grocery Store","","","USDA","San Francisco (City, 2020)"
"Mission Community Market 38-024","84 Bartlett St","","San Francisco","CA","94110","SAN FRANCISCO","Farmers and Markets","","California Department of Food and Agriculture","USDA","San Francisco (City, 2020)"
"Mission Food Center Inc","2366 Mission St","","San Francisco","CA","94110","SAN FRANCISCO","Grocery Store","","","USDA","San Francisco (City, 2020)"
"Modena Pizza and Ice Cream","32 6th St","","San Francisco","CA","94103","SAN FRANCISCO","Restaurant Meals Program","","","USDA","San Francisco (City, 2020)"
"Mollie Stone's Tower Market","635 Portola Dr","","San Francisco","CA","94127","SAN FRANCISCO","Super Store","","","USDA","San Francisco (City, 2020)"
"Mollie Stones Market 9","4201 18th St","","San Francisco","CA","94114","SAN FRANCISCO","Super Store","","","USDA","San Francisco (City, 2020)"
"Mustafio's Pizza","1116 Polk St","","San Francisco","CA","94109","SAN FRANCISCO","Restaurant Meals Program","","","USDA","San Francisco (City, 2020)"
"NEW CASA MARIA","1201 S Van Ness Ave","","San Francisco","CA","94110","SAN FRANCISCO","Grocery Store","","","USDA","San Francisco (City, 2020)"
"NEW INDIA BAZAR","1107 Polk St","","San Francisco","CA","94109","SAN FRANCISCO","Grocery Store","","","USDA","San Francisco (City, 2020)"
"NEW LIEN HING LLC","400 Clement St","","San Francisco","CA","94118","SAN FRANCISCO","Supermarket","","","USDA","San Francisco (City, 2020)"
"NICK'S SUPER MARKET","144 PAGE STREET","","SAN FRANCISCO","CA","94102","SAN FRANCISCO","Grocery Store","","","USDA","San Francisco (City, 2020)"
"Nabilas Natural Foods Corp","559 Hayes St","","San Francisco","CA","94102","SAN FRANCISCO","Grocery Store","","","USDA","San Francisco (City, 2020)"
"New Heng Fung Inc.","2444 Noriega St","","San Francisco","CA","94122","SAN FRANCISCO","Grocery Store","","","USDA","San Francisco (City, 2020)"
"New Sheng Hing Market Inc.","1107 Stockton St","","San Francisco","CA","94133","SAN FRANCISCO","Grocery Store","","","USDA","San Francisco (City, 2020)"
"New Tuong Phong Market","628 Ellis St","","San Francisco","CA","94109","SAN FRANCISCO","Grocery Store","","","USDA","San Francisco (City, 2020)"
"New Wing Cheung Store","2121 Irving St","","San Francisco","CA","94122","SAN FRANCISCO","Grocery Store","","","USDA","San Francisco (City, 2020)"
"New Wing Lung Food Inc.","835 Pacific Ave","","San Francisco","CA","94133","SAN FRANCISCO","Grocery Store","","","USDA","San Francisco (City, 2020)"
"Noe Valley Farmers' Market","3861 24th St","","San Francisco","CA","94114","SAN FRANCISCO","Farmers and Markets","","","USDA","San Francisco (City, 2020)"
"North Beach Farmers Market","659 Columbus Ave","","San Francisco","CA","94133","SAN FRANCISCO","Farmers and Markets","","","USDA","San Francisco (City, 2020)"
"Other Avenues","3930 Judah St","","San Francisco","CA","94122","SAN FRANCISCO","Supermarket","","","USDA","San Francisco (City, 2020)"
"Outer Sunset Farmers Market & Mercantile","1994 37th Ave","","San Francisco","CA","94116","SAN FRANCISCO","Farmers and Markets","","","USDA","San Francisco (City, 2020)"
"Palou Market","4919 3rd St","","San Francisco","CA","94124","SAN FRANCISCO","Grocery Store","","","USDA","San Francisco (City, 2020)"
"Pang Kee Bargain Market","1308 Stockton St","","San Francisco","CA","94133","SAN FRANCISCO","Grocery Store","","","USDA","San Francisco (City, 2020)"
"Papa Johns #3654","69 Cambon Dr","","San Francisco","CA","94132","SAN FRANCISCO","Restaurant Meals Program","","","USDA","San Francisco (City, 2020)"
"Park Plaza Fine Foods","111 Cambon Dr","","San Francisco","CA","94132","SAN FRANCISCO","Grocery Store","","","USDA","San Francisco (City, 2020)"
"Parkside Farmers Market","555 Taraval St","","San Francisco","CA","94116","SAN FRANCISCO","Grocery Store","","","USDA","San Francisco (City, 2020)"
"Popstar Shawarma","91 6th St","","San Francisco","CA","94103","SAN FRANCISCO","Restaurant Meals Program","","","USDA","San Francisco (City, 2020)"
"RICHMOND NEW MAY WAH SUPERMARKET","707 Clement St # 719","","San Francisco","CA","94118","SAN FRANCISCO","Super Store","","","USDA","San Francisco (City, 2020)"
"Radman's Produce Market","201 Turk St Ste D","","San Francisco","CA","94102","SAN FRANCISCO","Grocery Store","","","USDA","San Francisco (City, 2020)"
"Rainbow Grocery Co-op","1745 Folsom St","","San Francisco","CA","94103","SAN FRANCISCO","Super Store","","","USDA","San Francisco (City, 2020)"
"Rainbow Market & Deli","684 Larkin St","","San Francisco","CA","94109","SAN FRANCISCO","Grocery Store","","","USDA","San Francisco (City, 2020)"
"Red A Dim Sum","634 Clement St","","San Francisco","CA","94118","SAN FRANCISCO","Restaurant Meals Program","","","USDA","San Francisco (City, 2020)"
"Run Feng Hai Wei Chinese Herbal Inc","753 Jackson St","","San Francisco","CA","94133","SAN FRANCISCO","Grocery Store","","","USDA","San Francisco (City, 2020)"
"S & B Supermarket","2203 Irving St","","San Francisco","CA","94122","SAN FRANCISCO","Grocery Store","","","USDA","San Francisco (City, 2020)"
"S & M Ginseng","919 Grant Ave","","San Francisco","CA","94108","SAN FRANCISCO","Grocery Store","","","USDA","San Francisco (City, 2020)"
"SAFEWAY  1490","2300 16th St","","San Francisco","CA","94103","SAN FRANCISCO","Supermarket","","","USDA","San Francisco (City, 2020)"
"SAFEWAY  4601","145 Jackson St","","San Francisco","CA","94111","SAN FRANCISCO","Supermarket","","","USDA","San Francisco (City, 2020)"
"SAFEWAY  667","5290 Diamond Heights Blvd","","San Francisco","CA","94131","SAN FRANCISCO","Supermarket","","","USDA","San Francisco (City, 2020)"
"SAFEWAY  739","3350 Mission St","","San Francisco","CA","94110","SAN FRANCISCO","Supermarket","","","USDA","San Francisco (City, 2020)"
"SAFEWAY  785","850 La Playa St","","San Francisco","CA","94121","SAN FRANCISCO","Supermarket","","","USDA","San Francisco (City, 2020)"
"SAFEWAY  909","730 Taraval St","","San Francisco","CA","94116","SAN FRANCISCO","Supermarket","","","USDA","San Francisco (City, 2020)"
"SAFEWAY  964","4950 Mission St","","San Francisco","CA","94112","SAN FRANCISCO","Supermarket","","","USDA","San Francisco (City, 2020)"
"SAFEWAY  985","2350 Noriega St","","San Francisco","CA","94122","SAN FRANCISCO","Supermarket","","","USDA","San Francisco (City, 2020)"
"SAFEWAY  995","1335 Webster St","","San Francisco","CA","94115","SAN FRANCISCO","Supermarket","","","USDA","San Francisco (City, 2020)"
"SAFEWAY 1507","2020 Market St","","San Francisco","CA","94114","SAN FRANCISCO","Supermarket","","","USDA","San Francisco (City, 2020)"
"SAFEWAY 1711","15 Marina Blvd","","San Francisco","CA","94123","SAN FRANCISCO","Supermarket","","","USDA","San Francisco (City, 2020)"
"SAFEWAY 2606","298 King St","","San Francisco","CA","94107","SAN FRANCISCO","Supermarket","","","USDA","San Francisco (City, 2020)"
"SAFEWAY 759","625 Monterey Blvd","","San Francisco","CA","94127","SAN FRANCISCO","Supermarket","","","USDA","San Francisco (City, 2020)"
"SAN BRUNO SUPERMARKET","2480 San Bruno Ave","","San Francisco","CA","94134","SAN FRANCISCO","Supermarket","","","USDA","San Francisco (City, 2020)"
"SMART & FINAL 351","350 7th Ave","","San Francisco","CA","94118","SAN FRANCISCO","Super Store","","","USDA","San Francisco (City, 2020)"
"Safeway 2646","735 7th Ave","","San Francisco","CA","94118","SAN FRANCISCO","Supermarket","","","USDA","San Francisco (City, 2020)"
"Salama Foods Center","600 Geary St","","San Francisco","CA","94102","SAN FRANCISCO","Grocery Store","","","USDA","San Francisco (City, 2020)"
"Samiramis Market","2990 Mission St","","San Francisco","CA","94110","SAN FRANCISCO","Grocery Store","","","USDA","San Francisco (City, 2020)"
"San Francisco Farmers Market","4929 Mission St","","San Francisco","CA","94112","SAN FRANCISCO","Grocery Store","","","USDA","San Francisco (City, 2020)"
"Santa Clara Nature Organic Market","798 Haight St","","San Francisco","CA","94117","SAN FRANCISCO","Grocery Store","","","USDA","San Francisco (City, 2020)"
"Sf Hop Hing Llc","1211 Stockton St","","San Francisco","CA","94133","SAN FRANCISCO","Grocery Store","","","USDA","San Francisco (City, 2020)"
"Sf Organica","500 Larkin St","","San Francisco","CA","94102","SAN FRANCISCO","Grocery Store","","","USDA","San Francisco (City, 2020)"
"Shun Yuan Herbs Ginseng Inc.","2713 San Bruno Ave","","San Francisco","CA","94134","SAN FRANCISCO","Grocery Store","","","USDA","San Francisco (City, 2020)"
"Silver Market Inc","2501 San Bruno Ave","","San Francisco","CA","94134","SAN FRANCISCO","Grocery Store","","","USDA","San Francisco (City, 2020)"
"Siu Wah Food Inc","2102 Irving St","","San Francisco","CA","94122","SAN FRANCISCO","Grocery Store","","","USDA","San Francisco (City, 2020)"
"So Pho So Good","2445 Noriega St","","San Francisco","CA","94122","SAN FRANCISCO","Restaurant Meals Program","","","USDA","San Francisco (City, 2020)"
"Soma Produce Market 1","110 6th St","","San Francisco","CA","94103","SAN FRANCISCO","Grocery Store","","","USDA","San Francisco (City, 2020)"
"Soma West Farmers Market","398 12th St","","San Francisco","CA","94103","SAN FRANCISCO","Farmers and Markets","","","USDA","San Francisco (City, 2020)"
"Stonestown Farmers Market/Ag Institute of Marin","3251 20th Avenue","","San Francisco","CA","94132","SAN FRANCISCO","Farmers and Markets","","California Department of Food and Agriculture","USDA","San Francisco (City, 2020)"
"Subway #33355","750 Font Blvd","","San Francisco","CA","94132","SAN FRANCISCO","Restaurant Meals Program","","","USDA","San Francisco (City, 2020)"
"Subway #43108","4841 Mission St","","San Francisco","CA","94112","SAN FRANCISCO","Restaurant Meals Program","","","USDA","San Francisco (City, 2020)"
"Subway #67223","350 Bay St","Suite 1","San Francisco","CA","94133","SAN FRANCISCO","Restaurant Meals Program","","","USDA","San Francisco (City, 2020)"
"Subway #7154","3801 3rd St","Ste 310","San Francisco","CA","94124","SAN FRANCISCO","Restaurant Meals Program","","","USDA","San Francisco (City, 2020)"
"Sunset Super","2801 Vicente St","","San Francisco","CA","94116","SAN FRANCISCO","Super Store","","","USDA","San Francisco (City, 2020)"
"Super Discount Market","738 Larkin St","","San Francisco","CA","94109","SAN FRANCISCO","Grocery Store","","","USDA","San Francisco (City, 2020)"
"Super Save Market","4517 3rd St","","San Francisco","CA","94124","SAN FRANCISCO","Grocery Store","","","USDA","San Francisco (City, 2020)"
"Sutter Fine Food","988 Sutter St","","San Francisco","CA","94109","SAN FRANCISCO","Grocery Store","","","USDA","San Francisco (City, 2020)"
"Sutter Market","1144 Sutter St","","San Francisco","CA","94109","SAN FRANCISCO","Grocery Store","","","USDA","San Francisco (City, 2020)"
"Sweet Chinito","3100 Mission St","","San Francisco","CA","94110","SAN FRANCISCO","Restaurant Meals Program","","","USDA","San Francisco (City, 2020)"
"Boye & J Grocery","915 Stockton St","","San Francisco","CA","94108","SAN FRANCISCO","Grocery Store","","","USDA","San Francisco (City, 2020)"
"Bread & Butter Market","888 O'Farrell St","","San Francisco","CA","94109","SAN FRANCISCO","Grocery Store","","","USDA","San Francisco (City, 2020)"
"Burger King 9365","3900 Geary Blvd  Suite 101","","San Francisco","CA","94118","SAN FRANCISCO","Restaurant Meals Program","","","USDA","San Francisco (City, 2020)"
"Bush Market","820 Bush St","","San Francisco","CA","94108","SAN FRANCISCO","Grocery Store","","","USDA","San Francisco (City, 2020)"
"CASA LUCAS MARKET","2934 24th St","","San Francisco","CA","94110","SAN FRANCISCO","Supermarket","","","USDA","San Francisco (City, 2020)"
"CHICO'S PIZZA","131 6th St","","San Francisco","CA","94103","SAN FRANCISCO","Restaurant Meals Program","","","USDA","San Francisco (City, 2020)"
"Cafe La Rosa","791 Ofarrell St","","San Francisco","CA","94109","SAN FRANCISCO","Restaurant Meals Program","","","USDA","San Francisco (City, 2020)"
"California Produce Market","986 Polk St","","San Francisco","CA","94109","SAN FRANCISCO","Grocery Store","","","USDA","San Francisco (City, 2020)"
"Canyon Market","2815 Diamond St","","San Francisco","CA","94131","SAN FRANCISCO","Supermarket","","","USDA","San Francisco (City, 2020)"
"Carls Jr 763","1 Hallidie Plaza","","San Francisco","CA","94102","SAN FRANCISCO","Restaurant Meals Program","","","USDA","San Francisco (City, 2020)"
"Casa Guadalupe Supermarket #3","2999 Mission St","","San Francisco","CA","94110","SAN FRANCISCO","Grocery Store","","","USDA","San Francisco (City, 2020)"
"Casa Guadalupe Supermarket 2","3400 Cesar Chavez","","San Francisco","CA","94110","SAN FRANCISCO","Supermarket","","","USDA","San Francisco (City, 2020)"
"Casa Latina Market Inc","3020 16th St","","San Francisco","CA","94103","SAN FRANCISCO","Grocery Store","","","USDA","San Francisco (City, 2020)"
"Casa Lucaz #3","4555 Mission St","","San Francisco","CA","94112","SAN FRANCISCO","Super Store","","","USDA","San Francisco (City, 2020)"
"Castro Farmers' Market","288 Noe St","","San Francisco","CA","94114","SAN FRANCISCO","Farmers and Markets","","California Department of Food and Agriculture","USDA","San Francisco (City, 2020)"
"Chang Da Chang Llc","860 Washington St","","San Francisco","CA","94108","SAN FRANCISCO","Grocery Store","","","USDA","San Francisco (City, 2020)"
"Chang Shing Co","1043 Stockton St","","San Francisco","CA","94108","SAN FRANCISCO","Grocery Store","","","USDA","San Francisco (City, 2020)"
"Changyi Trading Inc.","1018 Stockton St","","San Francisco","CA","94108","SAN FRANCISCO","Grocery Store","","","USDA","San Francisco (City, 2020)"
"Chico's Pizza","468 Ellis St","","San Francisco","CA","94102","SAN FRANCISCO","Restaurant Meals Program","","","USDA","San Francisco (City, 2020)"
"Chun Sheng Tang Herbs Co.","1189 Geneva Ave","","San Francisco","CA","94112","SAN FRANCISCO","Grocery Store","","","USDA","San Francisco (City, 2020)"
"Church Produce","1798 Church St","","San Francisco","CA","94131","SAN FRANCISCO","Grocery Store","","","USDA","San Francisco (City, 2020)"
"Cindys Market","2084 Hayes St","","San Francisco","CA","94117","SAN FRANCISCO","Grocery Store","","","USDA","San Francisco (City, 2020)"
"City Discount Market","5527 Geary Blvd","","San Francisco","CA","94121","SAN FRANCISCO","Grocery Store","","","USDA","San Francisco (City, 2020)"
"City Discount Meat And Grocery Market","2298 Mission St","","San Francisco","CA","94110","SAN FRANCISCO","Grocery Store","","","USDA","San Francisco (City, 2020)"
"Clement Street Farmers Mkt/Ag Institute of Marin","Clement St","","San Francisco","CA","94118","SAN FRANCISCO","Farmers and Markets","","California Department of Food and Agriculture","USDA","San Francisco (City, 2020)"
"Constellation Culinary","55 Music Concourse Dr","","San Francisco","CA","94118","SAN FRANCISCO","Restaurant Meals Program","","","USDA","San Francisco (City, 2020)"
"Cordova Market","301 Rolph St","","San Francisco","CA","94112","SAN FRANCISCO","Grocery Store","","","USDA","San Francisco (City, 2020)"
"Costco 144","450 10th St","","San Francisco","CA","94103","SAN FRANCISCO","Super Store","","","USDA","San Francisco (City, 2020)"
"D&T Market","1118 Stockton St","","San Francisco","CA","94133","SAN FRANCISCO","Grocery Store","","","USDA","San Francisco (City, 2020)"
"Hua Long Trading Inc 1","714 Jackson St","","San Francisco","CA","94133","SAN FRANCISCO","Grocery Store","","","USDA","San Francisco (City, 2020)"
"I & J Market","2415 Noriega St","","San Francisco","CA","94122","SAN FRANCISCO","Grocery Store","","","USDA","San Francisco (City, 2020)"
"Indian Spices And Groceries","3265 22nd St","","San Francisco","CA","94110","SAN FRANCISCO","Grocery Store","","","USDA","San Francisco (City, 2020)"
"Inle Burmese Cuisine","822 Irving St","","San Francisco","CA","94122","SAN FRANCISCO","Restaurant Meals Program","","","USDA","San Francisco (City, 2020)"
"Inner Sunset Farmers' Market","1326 9th Ave","","San Francisco","CA","94122","SAN FRANCISCO","Farmers and Markets","","California Department of Food and Agriculture","USDA","San Francisco (City, 2020)"
"International Produce Market","2200 Mission St","","San Francisco","CA","94110","SAN FRANCISCO","Grocery Store","","","USDA","San Francisco (City, 2020)"
"Irving Pizza","928 Geary St","","San Francisco","CA","94109","SAN FRANCISCO","Restaurant Meals Program","","","USDA","San Francisco (City, 2020)"
"Island Cove Market Inc","800 Avenue H","","San Francisco","CA","94130","SAN FRANCISCO","Grocery Store","","","USDA","San Francisco (City, 2020)"
"J & Food Ginseng Company","2409 Irving St","","San Francisco","CA","94122","SAN FRANCISCO","Grocery Store","","","USDA","San Francisco (City, 2020)"
"Kash Daddy's","1051 Market St","","San Francisco","CA","94103","SAN FRANCISCO","Restaurant Meals Program","","","USDA","San Francisco (City, 2020)"
"Kentucky Fried Chicken #236","1150 Taraval St","","San Francisco","CA","94116","SAN FRANCISCO","Restaurant Meals Program","","","USDA","San Francisco (City, 2020)"
"Kentucky Fried Chicken #248","4150 Geary Blvd","","San Francisco","CA","94118","SAN FRANCISCO","Restaurant Meals Program","","","USDA","San Francisco (City, 2020)"
"Kentucky Fried Chicken #249","691 Eddy St","","San Francisco","CA","94109","SAN FRANCISCO","Restaurant Meals Program","","","USDA","San Francisco (City, 2020)"
"Kim Hoang Cafe and Fast Food","246 Leavenworth St","","San Francisco","CA","94102","SAN FRANCISCO","Restaurant Meals Program","","","USDA","San Francisco (City, 2020)"
"King Lee Chinese Restaurant","1426A Fillmore St","","San Francisco","CA","94115","SAN FRANCISCO","Restaurant Meals Program","","","USDA","San Francisco (City, 2020)"
"Kj Produce Market","400 Irving St","","San Francisco","CA","94122","SAN FRANCISCO","Grocery Store","","","USDA","San Francisco (City, 2020)"
"Komi Food Company","898 Stockton St","","San Francisco","CA","94108","SAN FRANCISCO","Grocery Store","","","USDA","San Francisco (City, 2020)"
"Kwok Hong Chinese Herbs Inc","3309 Balboa St","","San Francisco","CA","94121","SAN FRANCISCO","Grocery Store","","","USDA","San Francisco (City, 2020)"
"L & J Groceries","21 Leland Ave","","San Francisco","CA","94134","SAN FRANCISCO","Grocery Store","","","USDA","San Francisco (City, 2020)"
"LA LOMA #10","2456 San Bruno Ave","","San Francisco","CA","94134","SAN FRANCISCO","Grocery Store","","","USDA","San Francisco (City, 2020)"
"LA LOMA 3","5652 Mission St","","San Francisco","CA","94112","SAN FRANCISCO","Grocery Store","","","USDA","San Francisco (City, 2020)"
"LA LOMA PRODUCE 7","2695 San Bruno Ave","","San Francisco","CA","94134","SAN FRANCISCO","Grocery Store","","","USDA","San Francisco (City, 2020)"
"LUCKY PORK MARKET","2659 Mission St","","San Francisco","CA","94110","SAN FRANCISCO","Grocery Store","","","USDA","San Francisco (City, 2020)"
"La Canasta Produce","2097 Mission St","","San Francisco","CA","94110","SAN FRANCISCO","Grocery Store","","","USDA","San Francisco (City, 2020)"
"La Loma Produce 8","2840 Mission St","","San Francisco","CA","94110","SAN FRANCISCO","Grocery Store","","","USDA","San Francisco (City, 2020)"
"La Lomita Market","2499 Folsom St","","San Francisco","CA","94110","SAN FRANCISCO","Grocery Store","","","USDA","San Francisco (City, 2020)"
"Larkin Restaurant","607 Larkin St","","San Francisco","CA","94109","SAN FRANCISCO","Restaurant Meals Program","","","USDA","San Francisco (City, 2020)"
"Lebeau Nob Hill Market 1","1263 Leavenworth St","","San Francisco","CA","94109","SAN FRANCISCO","Supermarket","","","USDA","San Francisco (City, 2020)"
"Leland Market","65 Leland Ave","","San Francisco","CA","94134","SAN FRANCISCO","Grocery Store","","","USDA","San Francisco (City, 2020)"
"Little Szechuan","501 Broadway","","San Francisco","CA","94133","SAN FRANCISCO","Restaurant Meals Program","","","USDA","San Francisco (City, 2020)"
"Local Diner","1244 Market St.","","San Francisco","CA","94102","SAN FRANCISCO","Restaurant Meals Program","","","USDA","San Francisco (City, 2020)"
"Long Hua's Grocery Store","906 Stockton St","","San Francisco","CA","94108","SAN FRANCISCO","Grocery Store","","","USDA","San Francisco (City, 2020)"
"Los Olivos Market","4766 Mission St","","San Francisco","CA","94112","SAN FRANCISCO","Grocery Store","","","USDA","San Francisco (City, 2020)"
"Lucky 755","1515 Sloat Blvd","","San Francisco","CA","94132","SAN FRANCISCO","Supermarket","","","USDA","San Francisco (City, 2020)"
"Lucky 756","1750 Fulton St","","San Francisco","CA","94117","SAN FRANCISCO","Supermarket","","","USDA","San Francisco (City, 2020)"
"Luke's Local Grocery","580 Green St","","San Francisco","CA","94133","SAN FRANCISCO","Supermarket","","","USDA","San Francisco (City, 2020)"
"Luke's Local Grocery 9th Ave.","1266 9th Ave","","San Francisco","CA","94122","SAN FRANCISCO","Supermarket","","","USDA","San Francisco (City, 2020)"
"Luke's Local Grocery Cole St.","960 Cole St","","San Francisco","CA","94117","SAN FRANCISCO","Supermarket","","","USDA","San Francisco (City, 2020)"
"Luke's Local Grocery Union St.","2190 Union St","","San Francisco","CA","94123","SAN FRANCISCO","Supermarket","","","USDA","San Francisco (City, 2020)"
"MANILA ORIENTAL MARKET","4175 Mission St","","San Francisco","CA","94112","SAN FRANCISCO","Super Store","","","USDA","San Francisco (City, 2020)"
"MARINA SUPER","2323 Chestnut St","","San Francisco","CA","94123","SAN FRANCISCO","Super Store","","","USDA","San Francisco (City, 2020)"
"MARYLAND MARKET","300 Turk St","","San Francisco","CA","94102","SAN FRANCISCO","Grocery Store","","","USDA","San Francisco (City, 2020)"
"MI PUEBLITO MARKET LLC 1","2765 Mission St","","San Francisco","CA","94110","SAN FRANCISCO","Grocery Store","","","USDA","San Francisco (City, 2020)"
"Mainland Market","5601 Geary Blvd","","San Francisco","CA","94121","SAN FRANCISCO","Grocery Store","","","USDA","San Francisco (City, 2020)"
"McDonald's #10162","1100 Fillmore St","","San Francisco","CA","94115","SAN FRANCISCO","Restaurant Meals Program","","","USDA","San Francisco (City, 2020)"
"McDonald's #1782","1201 Ocean Ave","","San Francisco","CA","94112","SAN FRANCISCO","Restaurant Meals Program","","","USDA","San Francisco (City, 2020)"
"22ND & IRVING PRODUCE","2101 Irving St","","San Francisco","CA","94122","SAN FRANCISCO","Grocery Store","","","USDA","San Francisco (City, 2020)"
"23rd & Mission Produce","2700 Mission St","","San Francisco","CA","94110","SAN FRANCISCO","Grocery Store","","","USDA","San Francisco (City, 2020)"
"25th Irving Market","2425 Irving St","","San Francisco","CA","94122","SAN FRANCISCO","Super Store","","","USDA","San Francisco (City, 2020)"
"26th & Guerrero Market","1400 Guerrero St","","San Francisco","CA","94110","SAN FRANCISCO","Grocery Store","","","USDA","San Francisco (City, 2020)"
"7th And Clement Market","538 Clement St","","San Francisco","CA","94118","SAN FRANCISCO","Grocery Store","","","USDA","San Francisco (City, 2020)"
"828 Irving Market","828 Irving St","","San Francisco","CA","94122","SAN FRANCISCO","Grocery Store","","","USDA","San Francisco (City, 2020)"
"A & D Nepali/indian Grocery Store Llc","872 Sacramento St","","San Francisco","CA","94108","SAN FRANCISCO","Grocery Store","","","USDA","San Francisco (City, 2020)"
"A-Z Deli Inc","3325 24th St","","San Francisco","CA","94110","SAN FRANCISCO","Restaurant Meals Program","","","USDA","San Francisco (City, 2020)"
"Abraham Farmers Market","3931 Geary Blvd","","San Francisco","CA","94118","SAN FRANCISCO","Grocery Store","","","USDA","San Francisco (City, 2020)"
"Adel Market","901 Geneva Ave","","San Francisco","CA","94112","SAN FRANCISCO","Grocery Store","","","USDA","San Francisco (City, 2020)"
"Alemany Farmers Market","100 Alemany Blvd","","San Francisco","CA","94110","SAN FRANCISCO","Farmers and Markets","","California Department of Food and Agriculture","USDA","San Francisco (City, 2020)"
"All Fresh Market","1524 Ocean Ave","","San Francisco","CA","94112","SAN FRANCISCO","Grocery Store","","","USDA","San Francisco (City, 2020)"
"All States Best Foods","1607 20th St","","San Francisco","CA","94107","SAN FRANCISCO","Grocery Store","","","USDA","San Francisco (City, 2020)"
"Anas Market","105 Broad St","","San Francisco","CA","94112","SAN FRANCISCO","Grocery Store","","","USDA","San Francisco (City, 2020)"
"Andi's Market","820 Cortland Ave","","San Francisco","CA","94110","SAN FRANCISCO","Grocery Store","","","USDA","San Francisco (City, 2020)"
"Andronicos Community Market 3066","375 32nd Ave","","San Francisco","CA","94121","SAN FRANCISCO","Supermarket","","","USDA","San Francisco (City, 2020)"
"Andronicos Community Markets 2452","1200 Irving St","","San Franciso","CA","94122","SAN FRANCISCO","Supermarket","","","USDA","San Francisco (City, 2020)"
"Antojitos Paty #2 #2","2853 Mission St","","San Francisco","CA","94110","SAN FRANCISCO","Grocery Store","","","USDA","San Francisco (City, 2020)"
"Apple Land Market","843 Clement St","","San Francisco","CA","94118","SAN FRANCISCO","Grocery Store","","","USDA","San Francisco (City, 2020)"
"Aramex Restaurant","2020 Mission St","","San Francisco","CA","94110","SAN FRANCISCO","Restaurant Meals Program","","","USDA","San Francisco (City, 2020)"
"Asia Market","772 Pacific Ave","","San Francisco","CA","94133","SAN FRANCISCO","Grocery Store","","","USDA","San Francisco (City, 2020)"
"Associated Students Farmers Market","1650 Holloway Ave","","San Francisco","CA","94132","SAN FRANCISCO","Farmers and Markets","","","USDA","San Francisco (City, 2020)"
"Ayob's Community Market","3250 Mission St","","San Francisco","CA","94110","SAN FRANCISCO","Grocery Store","","","USDA","San Francisco (City, 2020)"
"BI-RITE","3639 18th St","","San Francisco","CA","94110","SAN FRANCISCO","Super Store","","","USDA","San Francisco (City, 2020)"
"Baby & Mom Nutrition","4992 Mission St","","San Francisco","CA","94112","SAN FRANCISCO","Grocery Store","","","USDA","San Francisco (City, 2020)"
"Battambang Market","339 Eddy St","","San Francisco","CA","94102","SAN FRANCISCO","Grocery Store","","","USDA","San Francisco (City, 2020)"
"Bel Clift Market","516 Geary St","","San Francisco","CA","94102","SAN FRANCISCO","Grocery Store","","","USDA","San Francisco (City, 2020)"
"Belmar Meat Market","2989 24th St","","San Francisco","CA","94110","SAN FRANCISCO","Grocery Store","","","USDA","San Francisco (City, 2020)"
"Bi-Rite Market","2140 Polk St","","San Francisco","CA","94109","SAN FRANCISCO","Super Store","","","USDA","San Francisco (City, 2020)"
"Bi-Rite Market","550 Divisadero St","","San Francisco","CA","94117","SAN FRANCISCO","Super Store","","","USDA","San Francisco (City, 2020)"
"Big Apple Pizza N Grill","127 Eddy St","","San Francisco","CA","94102","SAN FRANCISCO","Restaurant Meals Program","","","USDA","San Francisco (City, 2020)"
"Emos Cafe and Deli","201A Turk St","","San Francisco","CA","94102","SAN FRANCISCO","Restaurant Meals Program","","","USDA","San Francisco (City, 2020)"
"Emperor Palace Restaurant","530 Balboa St","","San Francisco","CA","94118","SAN FRANCISCO","Restaurant Meals Program","","","USDA","San Francisco (City, 2020)"
"Europa Express","750 La Playa St","","San Francisco","CA","94121","SAN FRANCISCO","Grocery Store","","","USDA","San Francisco (City, 2020)"
"Evergreen Market","2539 Mission St","","San Francisco","CA","94110","SAN FRANCISCO","Grocery Store","","","USDA","San Francisco (City, 2020)"
"FALLETTI FOODS","308 Broderick St","","San Francisco","CA","94117","SAN FRANCISCO","Super Store","","","USDA","San Francisco (City, 2020)"
"FOODS CO 351","345 Williams Ave","","San Francisco","CA","94124","SAN FRANCISCO","Super Store","","","USDA","San Francisco (City, 2020)"
"Ferry Plaza Farmers Market","1 Ferry Building","Ste 50","San Francisco","CA","94111","SAN FRANCISCO","Farmers and Markets","","California Department of Food and Agriculture","USDA","San Francisco (City, 2020)"
"Fillmore Farmers' Market","1700 O'Farrell St","","San Francisco","CA","94115","SAN FRANCISCO","Farmers and Markets","","California Department of Food and Agriculture","USDA","San Francisco (City, 2020)"
"First Korean Market","4625 Geary Blvd","","San Francisco","CA","94118","SAN FRANCISCO","Grocery Store","","","USDA","San Francisco (City, 2020)"
"Fishtail Market","352 Turk St","","San Francisco","CA","94102","SAN FRANCISCO","Grocery Store","","","USDA","San Francisco (City, 2020)"
"Five Markets 1","2824 24th St","","San Francisco","CA","94110","SAN FRANCISCO","Grocery Store","","","USDA","San Francisco (City, 2020)"
"Fong Seng Co","1024 Grant Ave","","San Francisco","CA","94133","SAN FRANCISCO","Grocery Store","","","USDA","San Francisco (City, 2020)"
"Foods Co 357","1800 Folsom St","","San Francisco","CA","94103","SAN FRANCISCO","Super Store","","","USDA","San Francisco (City, 2020)"
"Foothill Market","3004 San Bruno Ave","","San Francisco","CA","94134","SAN FRANCISCO","Grocery Store","","","USDA","San Francisco (City, 2020)"
"Fort Mason Farmers Market","2 Marina Blvd","","San Francisco","CA","94123","SAN FRANCISCO","Farmers and Markets","","","USDA","San Francisco (City, 2020)"
"Fresco Pizza & Grill","1338 Polk St","","San Francisco","CA","94109","SAN FRANCISCO","Restaurant Meals Program","","","USDA","San Francisco (City, 2020)"
"Fresh Produce #1","2631 23rd St","","San Francisco","CA","94110","SAN FRANCISCO","Grocery Store","","","USDA","San Francisco (City, 2020)"
"Fresh Produce #2","2400 San Bruno Ave","Suite B","San Francisco","CA","94134","SAN FRANCISCO","Grocery Store","","","USDA","San Francisco (City, 2020)"
"Fruit Barn","1616 Ocean Ave","","San Francisco","CA","94112","SAN FRANCISCO","Grocery Store","","","USDA","San Francisco (City, 2020)"
"Fu Yuan Food Market","1251 Stockton St","","San Francisco","CA","94133","SAN FRANCISCO","Grocery Store","","","USDA","San Francisco (City, 2020)"
"Fung Wong SF","2500 Noriega St","","San Francisco","CA","94122","SAN FRANCISCO","Restaurant Meals Program","","","USDA","San Francisco (City, 2020)"
"GOOD LIFE GROCERY","448 Cortland Ave","","San Francisco","CA","94110","SAN FRANCISCO","Super Store","","","USDA","San Francisco (City, 2020)"
"GRAND CENTRAL MARKET","2435 California St","","San Francisco","CA","94115","SAN FRANCISCO","Super Store","","","USDA","San Francisco (City, 2020)"
"GUZMAN'S PRODUCE MARKET INC.","5229 Mission St","","San Francisco","CA","94112","SAN FRANCISCO","Grocery Store","","","USDA","San Francisco (City, 2020)"
"Geary Grocery Outlet","6333 Geary Blvd","","San Francisco","CA","94121","SAN FRANCISCO","Super Store","","","USDA","San Francisco (City, 2020)"
"Golden City Inn","5131 3rd St","","San Francisco","CA","94124","SAN FRANCISCO","Restaurant Meals Program","","","USDA","San Francisco (City, 2020)"
"Golden Farmer Market LLC","1475 Polk St","","San Francisco","CA","94109","SAN FRANCISCO","Grocery Store","","","USDA","San Francisco (City, 2020)"
"Golden Gate Market","225 Leavenworth St","","San Francisco","CA","94102","SAN FRANCISCO","Grocery Store","","","USDA","San Francisco (City, 2020)"
"Golden Natural Foods Inc.","130 Church St","","San Francisco","CA","94114","SAN FRANCISCO","Grocery Store","","","USDA","San Francisco (City, 2020)"
"Grant Market Inc","1101 Grant Ave","","San Francisco","CA","94133","SAN FRANCISCO","Grocery Store","","","USDA","San Francisco (City, 2020)"
"Green Apple Market","1042 Polk St","","San Francisco","CA","94109","SAN FRANCISCO","Grocery Store","","","USDA","San Francisco (City, 2020)"
"Green Earth","860 Divisadero St","","San Francisco","CA","94117","SAN FRANCISCO","Grocery Store","","","USDA","San Francisco (City, 2020)"
"Grocery Outlet Of Bayshore 451","355 Bay Shore Blvd","","San Francisco","CA","94124","SAN FRANCISCO","Super Store","","","USDA","San Francisco (City, 2020)"
"Grocery Outlet Of Mission 306","1245 S Van Ness Ave","","San Francisco","CA","94110","SAN FRANCISCO","Super Store","","","USDA","San Francisco (City, 2020)"
"Grocery Outlet Of Visitacion Valley 244","2630 Bay Shore Blvd","","San Francisco","CA","94134","SAN FRANCISCO","Super Store","","","USDA","San Francisco (City, 2020)"
"Gum Sing Market Inc","774 Pacific Ave","","San Francisco","CA","94133","SAN FRANCISCO","Grocery Store","","","USDA","San Francisco (City, 2020)"
"H & L Supermarket 1","669 Geary St","","San Francisco","CA","94102","SAN FRANCISCO","Grocery Store","","","USDA","San Francisco (City, 2020)"
"H MART SAN FRANCISCO","3995 Alemany Blvd","","San Francisco","CA","94132","SAN FRANCISCO","Super Store","","","USDA","San Francisco (City, 2020)"
"HARVEST URBAN MARKET","191 8th St","","San Francisco","CA","94103","SAN FRANCISCO","Supermarket","","","USDA","San Francisco (City, 2020)"
"HIMALAYAN PIZZA & MOMO","288 Golden Gate Ave","","San Francisco","CA","94102","SAN FRANCISCO","Restaurant Meals Program","","","USDA","San Francisco (City, 2020)"
"HWA LEI MARKET","2970 16th St","","San Francisco","CA","94103","SAN FRANCISCO","Grocery Store","","","USDA","San Francisco (City, 2020)"
"Halal Burgers and More #3","22 6th St","","San Francisco","CA","94103","SAN FRANCISCO","Restaurant Meals Program","","","USDA","San Francisco (City, 2020)"
"Heart of the City Farmers Market","1182 Market St","Ste 412","San Francisco","CA","94102","SAN FRANCISCO","Farmers and Markets","","California Department of Food and Agriculture","USDA","San Francisco (City, 2020)"
"Heng Xing Long Trading Co Inc","1016 Stockton St","","San Francisco","CA","94108","SAN FRANCISCO","Grocery Store","","","USDA","San Francisco (City, 2020)"
"Da Chang Yuan","860 Washington St","","San Francisco","CA","94108","SAN FRANCISCO","Grocery Store","","","USDA","San Francisco (City, 2020)"
"Dai Lee Food Inc.","878 Washington St","","San Francisco","CA","94108","SAN FRANCISCO","Grocery Store","","","USDA","San Francisco (City, 2020)"
"Divisidero Farmers' Market","1377 Fell St","","San Francisco","CA","94117","SAN FRANCISCO","Farmers and Markets","","California Department of Food and Agriculture","USDA","San Francisco (City, 2020)"
"Do Eat Restaurant","4543 Mission St","","San Francisco","CA","94112","SAN FRANCISCO","Restaurant Meals Program","","","USDA","San Francisco (City, 2020)"
"Dragon River Restaurant","5045 Geary Blvd","","San Francisco","CA","94118","SAN FRANCISCO","Restaurant Meals Program","","","USDA","San Francisco (City, 2020)"
"Dragonspunk Gro Farmers Market","1550 Evans Ave","","San Francisco","CA","94124","SAN FRANCISCO","Farmers and Markets","","","USDA","San Francisco (City, 2020)"
"EL AHORRO","3456 Mission St","","San Francisco","CA","94110","SAN FRANCISCO","Grocery Store","","","USDA","San Francisco (City, 2020)"
"EL CHICO PRODUCE MARKET 2","4600 Mission St","","San Francisco","CA","94112","SAN FRANCISCO","Grocery Store","","","USDA","San Francisco (City, 2020)"
"Econo Market","593 O'Farrell St","","San Francisco","CA","94102","SAN FRANCISCO","Grocery Store","","","USDA","San Francisco (City, 2020)"
"El Chavo Supermercado","15 Ocean Ave","","San Francisco","CA","94112","SAN FRANCISCO","Grocery Store","","","USDA","San Francisco (City, 2020)"
"El Chico Produce Market #4","2965 24th St","","San Francisco","CA","94110","SAN FRANCISCO","Supermarket","","","USDA","San Francisco (City, 2020)"
"El Jubani","596 Ofarrell St","","San Francisco","CA","94102","SAN FRANCISCO","Grocery Store","","","USDA","San Francisco (City, 2020)"
"El Mercadito","1712 Ocean Ave","","San Francisco","CA","94112","SAN FRANCISCO","Grocery Store","","","USDA","San Francisco (City, 2020)"
